{
  "accuracy": 0.7767857142857143,
  "precision": 0.7268292682926829,
  "recall": 0.8869047619047619,
  "f1": 0.7989276139410187,
  "roc_auc": 0.8634849773242631,
  "pr_auc": 0.8438620965986042,
  "threshold": 0.31,
  "confusion_matrix": [
    [
      112,
      56
    ],
    [
      19,
      149
    ]
  ]
}